,All non-essential businesses,Gym/fitness center/recreational sports facility,Homeless shelters/homeless individuals,Intersection of subtargets,Night club/dance hall/karaoke,Omicron,Medical offices (doctor/dentist/physical therapist),Day camps/summer camps,Suspected cases,Casinos/gambling facilities,Bars/alcohol service establishments,Churches/places of worship,Theatres/movie theatres,Essential workers,Public transportation,Healthcare workers and allied personnel,Swimming pools,Indigenous people,Grocery store,Restaurants/food service establishments,Event center/convention/performance hall/fair,Higher education,Organized adult sports,Much narrower than subtarget,All workers/employees,Unemployed/underemployed workers,Non-governmental organizations,Youth/school sports/extracurricular activities,Childcare facilities (preschool or other daycare),Migrant workers/refugees/asylum seekers,Public services,Nursing homes/assisted living facility,Retail stores (not including food),Unvaccinated/partially vaccinated individuals,Travelers,Stadiums/arenas/racetracks/sporting venues,Cultural events/weddings/funerals,Primary education,University/professional sports,Minors and children,Housing sector/real estate/renters/homeowners,General population (inclusive),Farmer's market/open air market,Veterinary clinics,Funeral home/mortuary,Marginalized communities,Businesses/private sector,Small businesses,All essential businesses,Insurance/banking,Secondary education,All recreation/entertainment venues (inclusive),Military,Transportation sector/shipping/logistics,Fully vaccinated individuals,Older adults/individuals with underlying medical conditions,Hospitals/urgent care/emergency medical services,Non-essential workers,Confirmed cases,Pharmacy,Public administration,Manufacturers,Public sector/public buildings/government employees,Criminal justice system/prisons/jails/incarcerated persons,Family entertainment/leisure activity,Courthouse/judiciary,Liquor stores,Notary,Personal care facilities,Farming/agriculture/food processing,Libraries/museums/art galleries/community centers,Outdoor recreation/campgrounds/beaches/parks,Hotels/lodging
Authorization,1.0,2.0,2.0,4.0,0.0,0.0,2.0,0.0,1.0,1.0,6.0,1.0,0.0,3.0,0.0,33.0,0.0,1.0,0.0,9.0,1.0,4.0,1.0,5.0,1.0,0.0,0.0,1.0,11.0,0.0,7.0,5.0,5.0,0.0,5.0,3.0,0.0,17.0,1.0,2.0,1.0,144.0,0.0,0.0,0.0,0.0,18.0,0.0,0.0,2.0,19.0,1.0,2.0,1.0,1.0,0.0,10.0,0.0,1.0,1.0,502.0,1.0,95.0,10.0,0.0,2.0,0.0,0.0,0.0,0.0,0.0,6.0,3.0
Enforcement,4.0,19.0,0.0,0.0,0.0,0.0,4.0,0.0,4.0,0.0,22.0,0.0,13.0,2.0,1.0,0.0,0.0,0.0,0.0,24.0,13.0,19.0,0.0,2.0,2.0,0.0,0.0,1.0,23.0,0.0,1.0,10.0,0.0,0.0,3.0,1.0,0.0,28.0,2.0,0.0,0.0,262.0,0.0,0.0,0.0,0.0,33.0,1.0,3.0,0.0,28.0,6.0,0.0,0.0,0.0,0.0,7.0,0.0,3.0,0.0,106.0,0.0,29.0,8.0,0.0,5.0,7.0,0.0,12.0,0.0,0.0,0.0,1.0
Regulatory relief,6.0,4.0,10.0,45.0,3.0,0.0,32.0,4.0,0.0,7.0,61.0,3.0,0.0,12.0,27.0,47.0,2.0,0.0,11.0,109.0,1.0,41.0,0.0,100.0,10.0,7.0,5.0,1.0,81.0,0.0,17.0,74.0,27.0,0.0,1.0,5.0,1.0,144.0,0.0,12.0,54.0,457.0,0.0,0.0,2.0,1.0,69.0,3.0,1.0,22.0,141.0,3.0,3.0,227.0,0.0,18.0,23.0,3.0,2.0,57.0,407.0,2.0,116.0,39.0,0.0,31.0,28.0,4.0,6.0,10.0,0.0,7.0,2.0
Face mask required,3.0,16.0,12.0,17.0,1.0,0.0,22.0,8.0,0.0,1.0,13.0,2.0,2.0,39.0,50.0,7.0,1.0,0.0,2.0,31.0,15.0,13.0,5.0,28.0,30.0,0.0,0.0,12.0,31.0,0.0,0.0,39.0,12.0,10.0,1.0,6.0,2.0,80.0,11.0,1.0,1.0,644.0,0.0,0.0,0.0,0.0,81.0,0.0,41.0,7.0,80.0,5.0,0.0,9.0,0.0,3.0,32.0,5.0,0.0,1.0,2.0,1.0,57.0,24.0,1.0,0.0,0.0,0.0,23.0,1.0,5.0,10.0,5.0
Adaptation and mitigation measures,141.0,371.0,32.0,73.0,91.0,0.0,40.0,95.0,8.0,87.0,574.0,212.0,165.0,49.0,60.0,29.0,82.0,0.0,60.0,860.0,212.0,145.0,196.0,139.0,78.0,0.0,14.0,222.0,263.0,7.0,21.0,167.0,313.0,0.0,10.0,111.0,65.0,180.0,131.0,17.0,66.0,369.0,27.0,0.0,10.0,3.0,684.0,4.0,157.0,13.0,181.0,138.0,19.0,24.0,2.0,38.0,45.0,12.0,8.0,10.0,145.0,64.0,96.0,23.0,118.0,5.0,16.0,0.0,351.0,41.0,142.0,294.0,148.0
Private sector closures,398.0,362.0,4.0,20.0,126.0,0.0,12.0,62.0,0.0,108.0,564.0,79.0,258.0,5.0,9.0,2.0,74.0,0.0,7.0,690.0,141.0,8.0,25.0,62.0,13.0,0.0,5.0,45.0,70.0,0.0,2.0,20.0,324.0,0.0,1.0,57.0,29.0,9.0,17.0,0.0,87.0,35.0,19.0,14.0,10.0,0.0,104.0,2.0,56.0,51.0,10.0,136.0,0.0,18.0,0.0,21.0,2.0,5.0,0.0,3.0,8.0,94.0,6.0,1.0,175.0,0.0,19.0,1.0,372.0,10.0,175.0,201.0,115.0
Contact tracing,6.0,0.0,0.0,6.0,0.0,0.0,8.0,0.0,2.0,0.0,5.0,3.0,0.0,4.0,0.0,6.0,0.0,0.0,0.0,5.0,2.0,2.0,2.0,1.0,0.0,1.0,0.0,2.0,5.0,0.0,0.0,17.0,0.0,0.0,3.0,0.0,1.0,10.0,2.0,1.0,0.0,33.0,0.0,0.0,0.0,0.0,15.0,0.0,0.0,0.0,10.0,0.0,0.0,0.0,0.0,2.0,8.0,0.0,5.0,3.0,6.0,0.0,4.0,4.0,0.0,0.0,0.0,0.0,8.0,0.0,0.0,0.0,0.0
Public health emergency declaration,0.0,0.0,0.0,0.0,0.0,0.0,3.0,0.0,0.0,0.0,0.0,0.0,0.0,0.0,0.0,0.0,0.0,0.0,0.0,0.0,0.0,0.0,0.0,0.0,0.0,0.0,0.0,0.0,0.0,0.0,0.0,0.0,0.0,0.0,1.0,0.0,0.0,0.0,0.0,0.0,0.0,99.0,0.0,0.0,3.0,0.0,0.0,0.0,0.0,0.0,0.0,0.0,0.0,0.0,0.0,0.0,3.0,0.0,0.0,0.0,485.0,0.0,0.0,0.0,0.0,0.0,0.0,0.0,0.0,0.0,0.0,0.0,0.0
Testing,0.0,0.0,0.0,6.0,0.0,0.0,50.0,4.0,7.0,0.0,0.0,0.0,0.0,33.0,0.0,50.0,0.0,0.0,0.0,1.0,1.0,40.0,4.0,0.0,2.0,0.0,0.0,10.0,6.0,1.0,2.0,113.0,0.0,0.0,15.0,0.0,0.0,15.0,4.0,2.0,0.0,125.0,0.0,0.0,3.0,2.0,3.0,0.0,0.0,2.0,16.0,0.0,1.0,7.0,4.0,27.0,84.0,1.0,3.0,42.0,13.0,0.0,10.0,8.0,0.0,0.0,0.0,0.0,0.0,2.0,1.0,2.0,0.0
General emergency declaration,0.0,0.0,0.0,0.0,0.0,0.0,0.0,0.0,0.0,0.0,0.0,0.0,0.0,0.0,0.0,17.0,0.0,0.0,1.0,0.0,0.0,0.0,0.0,0.0,0.0,0.0,0.0,0.0,0.0,0.0,0.0,0.0,0.0,0.0,0.0,0.0,0.0,0.0,0.0,0.0,0.0,161.0,0.0,0.0,0.0,0.0,0.0,0.0,0.0,0.0,0.0,0.0,1.0,0.0,0.0,0.0,0.0,0.0,0.0,0.0,685.0,0.0,2.0,0.0,0.0,4.0,0.0,0.0,0.0,0.0,0.0,0.0,0.0
Extension of public services,1.0,0.0,17.0,6.0,0.0,0.0,0.0,0.0,0.0,1.0,0.0,0.0,0.0,0.0,1.0,2.0,0.0,0.0,0.0,0.0,0.0,0.0,0.0,4.0,4.0,3.0,2.0,1.0,0.0,1.0,8.0,3.0,0.0,0.0,0.0,0.0,0.0,5.0,0.0,17.0,5.0,123.0,0.0,0.0,0.0,2.0,3.0,4.0,0.0,1.0,5.0,0.0,0.0,1.0,0.0,20.0,0.0,0.0,1.0,0.0,6.0,0.0,4.0,2.0,0.0,0.0,0.0,0.0,0.0,1.0,2.0,0.0,0.0
Early prison release,0.0,0.0,0.0,0.0,0.0,0.0,0.0,0.0,0.0,0.0,0.0,0.0,0.0,0.0,0.0,0.0,0.0,0.0,0.0,0.0,0.0,0.0,0.0,0.0,0.0,0.0,0.0,0.0,0.0,0.0,0.0,0.0,0.0,0.0,0.0,0.0,0.0,0.0,0.0,0.0,0.0,1.0,0.0,0.0,0.0,0.0,0.0,0.0,0.0,0.0,0.0,0.0,0.0,0.0,0.0,0.0,0.0,0.0,0.0,0.0,0.0,0.0,0.0,23.0,0.0,1.0,0.0,0.0,0.0,0.0,0.0,0.0,0.0
Relief funding,1.0,0.0,19.0,7.0,0.0,0.0,4.0,0.0,0.0,1.0,3.0,0.0,0.0,1.0,0.0,7.0,0.0,1.0,0.0,12.0,2.0,10.0,0.0,10.0,1.0,8.0,20.0,0.0,28.0,2.0,2.0,14.0,1.0,0.0,2.0,0.0,1.0,27.0,0.0,2.0,10.0,102.0,0.0,0.0,0.0,12.0,18.0,69.0,0.0,0.0,27.0,0.0,4.0,1.0,0.0,26.0,21.0,0.0,0.0,0.0,64.0,0.0,9.0,2.0,0.0,0.0,1.0,1.0,0.0,8.0,1.0,0.0,2.0
Other relief measures,0.0,0.0,21.0,6.0,0.0,0.0,4.0,1.0,0.0,0.0,8.0,0.0,0.0,5.0,0.0,17.0,0.0,4.0,14.0,23.0,0.0,10.0,0.0,19.0,10.0,7.0,3.0,0.0,8.0,0.0,6.0,35.0,17.0,0.0,1.0,1.0,0.0,29.0,0.0,6.0,21.0,177.0,0.0,0.0,3.0,7.0,14.0,4.0,3.0,36.0,33.0,0.0,0.0,3.0,0.0,16.0,4.0,1.0,0.0,4.0,54.0,2.0,35.0,28.0,0.0,12.0,1.0,3.0,0.0,12.0,0.0,13.0,6.0
Modification of unemployment benefits,0.0,0.0,0.0,0.0,0.0,0.0,0.0,0.0,0.0,0.0,0.0,0.0,0.0,0.0,0.0,0.0,0.0,0.0,0.0,0.0,0.0,0.0,0.0,0.0,6.0,249.0,0.0,0.0,0.0,0.0,2.0,0.0,0.0,0.0,0.0,0.0,0.0,0.0,0.0,0.0,0.0,49.0,0.0,0.0,0.0,0.0,33.0,0.0,0.0,7.0,0.0,0.0,0.0,0.0,0.0,1.0,0.0,0.0,0.0,0.0,15.0,0.0,0.0,0.0,0.0,0.0,0.0,0.0,0.0,0.0,0.0,0.0,0.0
Stimulus payments,0.0,0.0,0.0,0.0,0.0,0.0,1.0,0.0,0.0,0.0,0.0,0.0,0.0,0.0,0.0,0.0,0.0,0.0,0.0,0.0,0.0,1.0,0.0,0.0,6.0,12.0,0.0,0.0,1.0,1.0,0.0,5.0,0.0,0.0,0.0,0.0,0.0,2.0,0.0,1.0,0.0,39.0,0.0,0.0,0.0,1.0,1.0,4.0,0.0,1.0,2.0,0.0,0.0,0.0,0.0,1.0,6.0,0.0,0.0,0.0,22.0,0.0,1.0,0.0,0.0,0.0,0.0,0.0,0.0,0.0,0.0,0.0,0.0
Utility payment,0.0,0.0,0.0,0.0,0.0,0.0,0.0,0.0,0.0,0.0,0.0,0.0,0.0,0.0,0.0,0.0,0.0,0.0,0.0,0.0,0.0,0.0,0.0,1.0,0.0,0.0,0.0,0.0,0.0,0.0,27.0,0.0,0.0,0.0,0.0,0.0,0.0,0.0,0.0,0.0,9.0,73.0,0.0,0.0,0.0,0.0,9.0,0.0,0.0,0.0,0.0,0.0,0.0,0.0,0.0,0.0,0.0,0.0,0.0,0.0,7.0,0.0,0.0,0.0,0.0,0.0,0.0,0.0,0.0,0.0,0.0,0.0,0.0
Anti-price gouging measures,0.0,0.0,0.0,0.0,0.0,0.0,0.0,0.0,0.0,0.0,0.0,0.0,0.0,0.0,0.0,0.0,0.0,0.0,1.0,4.0,0.0,0.0,0.0,2.0,0.0,0.0,0.0,0.0,0.0,0.0,0.0,0.0,4.0,0.0,0.0,0.0,0.0,0.0,0.0,0.0,1.0,89.0,0.0,0.0,0.0,0.0,25.0,0.0,15.0,0.0,0.0,0.0,0.0,0.0,0.0,0.0,1.0,0.0,0.0,1.0,2.0,0.0,1.0,0.0,0.0,0.0,0.0,0.0,0.0,0.0,0.0,0.0,3.0
Remote Notarization,0.0,0.0,0.0,0.0,0.0,0.0,0.0,0.0,0.0,0.0,0.0,0.0,0.0,0.0,0.0,0.0,0.0,0.0,0.0,0.0,0.0,0.0,0.0,0.0,0.0,0.0,0.0,0.0,0.0,0.0,0.0,0.0,0.0,0.0,0.0,0.0,0.0,0.0,0.0,0.0,0.0,6.0,0.0,0.0,3.0,0.0,0.0,0.0,0.0,0.0,0.0,0.0,0.0,0.0,0.0,0.0,0.0,0.0,0.0,0.0,5.0,0.0,0.0,0.0,0.0,0.0,0.0,93.0,0.0,0.0,0.0,0.0,0.0
Mortgage payment support,0.0,0.0,0.0,0.0,0.0,0.0,0.0,0.0,0.0,0.0,0.0,0.0,0.0,0.0,0.0,0.0,0.0,0.0,0.0,0.0,0.0,0.0,0.0,0.0,0.0,0.0,1.0,0.0,0.0,0.0,0.0,0.0,0.0,0.0,0.0,0.0,0.0,0.0,0.0,0.0,49.0,0.0,0.0,0.0,0.0,0.0,1.0,1.0,0.0,0.0,0.0,0.0,0.0,0.0,0.0,0.0,0.0,0.0,0.0,0.0,3.0,0.0,0.0,0.0,0.0,0.0,0.0,0.0,0.0,0.0,0.0,0.0,0.0
Eviction and foreclosure delays,0.0,0.0,1.0,0.0,0.0,0.0,0.0,0.0,2.0,0.0,0.0,0.0,0.0,0.0,0.0,0.0,0.0,0.0,0.0,0.0,0.0,0.0,0.0,3.0,0.0,4.0,1.0,0.0,0.0,0.0,0.0,0.0,0.0,0.0,2.0,0.0,0.0,0.0,0.0,0.0,299.0,17.0,0.0,0.0,0.0,0.0,31.0,2.0,0.0,1.0,0.0,0.0,0.0,0.0,0.0,0.0,0.0,0.0,2.0,0.0,16.0,0.0,0.0,0.0,0.0,5.0,0.0,0.0,0.0,0.0,0.0,0.0,2.0
Tax delay,0.0,0.0,0.0,0.0,2.0,0.0,0.0,0.0,0.0,0.0,1.0,0.0,2.0,0.0,0.0,0.0,0.0,0.0,0.0,3.0,2.0,0.0,0.0,3.0,1.0,1.0,0.0,0.0,0.0,0.0,1.0,0.0,1.0,0.0,0.0,0.0,0.0,0.0,0.0,0.0,2.0,79.0,0.0,0.0,0.0,0.0,9.0,3.0,1.0,0.0,0.0,0.0,0.0,0.0,0.0,1.0,0.0,0.0,0.0,0.0,8.0,0.0,2.0,0.0,0.0,0.0,1.0,0.0,0.0,3.0,2.0,0.0,0.0
Budget modifications,0.0,0.0,4.0,0.0,0.0,0.0,0.0,0.0,1.0,0.0,0.0,0.0,0.0,0.0,0.0,0.0,0.0,1.0,0.0,0.0,0.0,2.0,0.0,1.0,0.0,1.0,0.0,0.0,1.0,0.0,3.0,0.0,0.0,0.0,0.0,0.0,0.0,5.0,0.0,1.0,1.0,26.0,0.0,0.0,0.0,1.0,0.0,4.0,1.0,0.0,5.0,0.0,1.0,1.0,0.0,1.0,0.0,0.0,0.0,0.0,53.0,0.0,3.0,2.0,0.0,0.0,0.0,0.0,0.0,0.0,0.0,0.0,0.0
Leave entitlement adjustments,0.0,0.0,0.0,1.0,0.0,0.0,0.0,0.0,1.0,0.0,0.0,0.0,0.0,21.0,0.0,20.0,0.0,0.0,0.0,0.0,0.0,3.0,0.0,0.0,61.0,0.0,0.0,0.0,0.0,0.0,0.0,0.0,0.0,0.0,0.0,0.0,0.0,4.0,0.0,0.0,0.0,5.0,0.0,0.0,0.0,0.0,4.0,0.0,0.0,0.0,4.0,0.0,0.0,0.0,0.0,4.0,0.0,1.0,1.0,0.0,8.0,0.0,21.0,0.0,0.0,0.0,0.0,0.0,0.0,1.0,0.0,0.0,0.0
Support for essential workers,2.0,0.0,3.0,4.0,0.0,0.0,0.0,0.0,1.0,0.0,0.0,0.0,0.0,34.0,0.0,9.0,0.0,0.0,2.0,0.0,0.0,0.0,0.0,5.0,9.0,0.0,0.0,0.0,36.0,0.0,0.0,3.0,1.0,0.0,0.0,0.0,0.0,2.0,0.0,0.0,22.0,18.0,0.0,0.0,0.0,0.0,3.0,2.0,0.0,0.0,2.0,0.0,0.0,1.0,0.0,5.0,1.0,6.0,1.0,1.0,15.0,0.0,5.0,0.0,0.0,0.0,0.0,0.0,0.0,4.0,0.0,0.0,14.0
Other forms of social distancing,2.0,8.0,8.0,20.0,2.0,0.0,4.0,0.0,0.0,0.0,5.0,5.0,1.0,1.0,0.0,3.0,2.0,0.0,2.0,4.0,2.0,21.0,12.0,4.0,55.0,0.0,2.0,14.0,1.0,0.0,0.0,36.0,5.0,0.0,17.0,0.0,3.0,26.0,10.0,4.0,0.0,154.0,1.0,2.0,0.0,0.0,32.0,0.0,14.0,1.0,26.0,0.0,1.0,20.0,0.0,5.0,25.0,0.0,9.0,0.0,23.0,2.0,52.0,8.0,0.0,2.0,0.0,0.0,5.0,1.0,2.0,11.0,21.0
Hazard pay,0.0,0.0,0.0,3.0,0.0,0.0,0.0,0.0,0.0,0.0,0.0,0.0,0.0,5.0,0.0,5.0,0.0,0.0,0.0,0.0,0.0,0.0,0.0,0.0,0.0,0.0,0.0,0.0,0.0,0.0,0.0,0.0,0.0,0.0,0.0,0.0,0.0,0.0,0.0,0.0,0.0,0.0,0.0,0.0,0.0,0.0,0.0,0.0,0.0,0.0,0.0,0.0,0.0,0.0,0.0,0.0,1.0,1.0,0.0,0.0,0.0,0.0,8.0,2.0,0.0,2.0,0.0,0.0,0.0,0.0,0.0,0.0,0.0
Other labor protections,0.0,0.0,0.0,0.0,0.0,0.0,0.0,1.0,0.0,0.0,0.0,0.0,0.0,0.0,0.0,0.0,0.0,0.0,0.0,0.0,0.0,0.0,0.0,1.0,3.0,2.0,0.0,0.0,0.0,0.0,0.0,0.0,0.0,0.0,1.0,0.0,0.0,2.0,0.0,0.0,2.0,1.0,0.0,0.0,0.0,0.0,4.0,0.0,1.0,0.0,2.0,0.0,1.0,1.0,0.0,0.0,0.0,1.0,0.0,0.0,7.0,0.0,2.0,0.0,0.0,0.0,0.0,0.0,0.0,0.0,0.0,0.0,0.0
"Vaccine administration, distribution, and logistics",0.0,0.0,0.0,2.0,0.0,0.0,25.0,0.0,0.0,0.0,0.0,0.0,0.0,11.0,0.0,73.0,0.0,0.0,1.0,0.0,0.0,1.0,0.0,11.0,2.0,0.0,0.0,0.0,3.0,0.0,4.0,10.0,0.0,2.0,2.0,0.0,0.0,6.0,0.0,13.0,0.0,101.0,0.0,0.0,0.0,5.0,7.0,0.0,0.0,0.0,6.0,0.0,0.0,0.0,2.0,41.0,28.0,0.0,0.0,34.0,20.0,0.0,6.0,4.0,0.0,0.0,0.0,0.0,0.0,1.0,0.0,0.0,0.0
Emergency use or expanded market authorization,0.0,0.0,0.0,0.0,0.0,0.0,9.0,0.0,0.0,0.0,0.0,0.0,0.0,0.0,0.0,1.0,0.0,0.0,1.0,1.0,0.0,2.0,0.0,0.0,0.0,0.0,3.0,0.0,0.0,0.0,0.0,4.0,1.0,0.0,0.0,0.0,0.0,2.0,0.0,0.0,1.0,33.0,0.0,0.0,0.0,1.0,3.0,0.0,1.0,0.0,2.0,0.0,0.0,3.0,0.0,0.0,22.0,0.0,2.0,32.0,31.0,3.0,3.0,1.0,0.0,0.0,0.0,0.0,0.0,0.0,0.0,0.0,0.0
Face mask suggested,0.0,3.0,1.0,0.0,0.0,0.0,1.0,2.0,0.0,0.0,1.0,9.0,0.0,1.0,1.0,0.0,1.0,0.0,0.0,2.0,0.0,0.0,0.0,0.0,2.0,0.0,5.0,2.0,9.0,0.0,0.0,1.0,0.0,4.0,0.0,4.0,1.0,2.0,0.0,7.0,0.0,85.0,0.0,0.0,0.0,0.0,6.0,0.0,3.0,0.0,1.0,0.0,0.0,0.0,0.0,1.0,1.0,0.0,0.0,0.0,0.0,0.0,5.0,1.0,0.0,0.0,0.0,0.0,1.0,0.0,0.0,5.0,0.0
Face mask exemption,0.0,10.0,0.0,1.0,1.0,0.0,5.0,5.0,0.0,0.0,6.0,14.0,0.0,1.0,2.0,1.0,10.0,0.0,0.0,17.0,4.0,8.0,8.0,5.0,2.0,0.0,0.0,9.0,13.0,0.0,1.0,0.0,3.0,1.0,0.0,2.0,1.0,21.0,15.0,53.0,1.0,126.0,0.0,0.0,0.0,0.0,1.0,0.0,0.0,0.0,20.0,1.0,1.0,0.0,10.0,39.0,1.0,0.0,0.0,0.0,17.0,0.0,3.0,13.0,0.0,4.0,0.0,0.0,0.0,0.0,1.0,8.0,0.0
Face mask (other),0.0,0.0,1.0,0.0,0.0,0.0,3.0,0.0,0.0,0.0,0.0,0.0,0.0,0.0,2.0,0.0,0.0,1.0,0.0,0.0,2.0,0.0,0.0,0.0,0.0,0.0,0.0,0.0,3.0,0.0,0.0,3.0,0.0,2.0,0.0,2.0,2.0,3.0,0.0,1.0,0.0,22.0,0.0,0.0,0.0,0.0,25.0,1.0,2.0,0.0,3.0,1.0,0.0,0.0,5.0,0.0,3.0,0.0,0.0,0.0,3.0,0.0,11.0,1.0,0.0,0.0,0.0,0.0,0.0,0.0,0.0,1.0,0.0
Face covering,0.0,0.0,0.0,0.0,0.0,0.0,0.0,0.0,0.0,0.0,3.0,3.0,0.0,0.0,0.0,0.0,0.0,0.0,0.0,3.0,0.0,0.0,0.0,0.0,0.0,0.0,0.0,0.0,0.0,0.0,0.0,0.0,3.0,0.0,0.0,0.0,3.0,8.0,0.0,0.0,0.0,3.0,0.0,0.0,0.0,0.0,4.0,0.0,0.0,0.0,8.0,3.0,0.0,0.0,1.0,0.0,0.0,0.0,0.0,0.0,0.0,0.0,3.0,0.0,0.0,0.0,0.0,0.0,0.0,0.0,3.0,0.0,0.0
Activation of military for logistical and/or medical support,0.0,0.0,0.0,0.0,0.0,0.0,0.0,0.0,0.0,0.0,0.0,0.0,0.0,0.0,0.0,5.0,0.0,0.0,0.0,0.0,0.0,0.0,0.0,0.0,0.0,0.0,0.0,0.0,1.0,0.0,0.0,4.0,0.0,0.0,0.0,0.0,0.0,0.0,0.0,0.0,0.0,9.0,0.0,0.0,0.0,0.0,0.0,0.0,0.0,0.0,0.0,0.0,88.0,0.0,0.0,0.0,2.0,0.0,0.0,0.0,7.0,0.0,2.0,0.0,0.0,0.0,0.0,0.0,0.0,0.0,0.0,0.0,0.0
Mass gathering restrictions,6.0,42.0,0.0,3.0,6.0,0.0,15.0,1.0,0.0,0.0,15.0,174.0,5.0,3.0,15.0,4.0,5.0,0.0,15.0,47.0,61.0,3.0,33.0,14.0,3.0,0.0,1.0,52.0,24.0,0.0,1.0,21.0,16.0,1.0,0.0,13.0,90.0,3.0,13.0,1.0,1.0,1313.0,0.0,0.0,22.0,0.0,12.0,0.0,4.0,0.0,3.0,39.0,15.0,0.0,5.0,7.0,15.0,0.0,1.0,15.0,2.0,0.0,17.0,16.0,3.0,0.0,0.0,0.0,28.0,0.0,5.0,39.0,20.0
School closures,0.0,2.0,0.0,2.0,0.0,0.0,0.0,3.0,0.0,0.0,0.0,0.0,0.0,0.0,0.0,0.0,1.0,0.0,0.0,0.0,0.0,214.0,0.0,1.0,0.0,0.0,0.0,26.0,53.0,0.0,0.0,0.0,0.0,0.0,0.0,0.0,0.0,410.0,0.0,2.0,0.0,2.0,0.0,0.0,0.0,0.0,0.0,0.0,0.0,0.0,403.0,0.0,0.0,0.0,0.0,0.0,0.0,0.0,0.0,0.0,0.0,0.0,0.0,0.0,0.0,0.0,0.0,0.0,1.0,0.0,0.0,1.0,0.0
Safer at home,3.0,4.0,0.0,0.0,0.0,0.0,0.0,0.0,0.0,0.0,2.0,4.0,1.0,2.0,0.0,0.0,2.0,0.0,0.0,3.0,0.0,1.0,0.0,3.0,1.0,0.0,0.0,1.0,0.0,0.0,0.0,0.0,0.0,3.0,0.0,0.0,0.0,1.0,0.0,0.0,0.0,120.0,1.0,0.0,0.0,0.0,2.0,0.0,5.0,0.0,1.0,1.0,0.0,0.0,0.0,85.0,0.0,0.0,0.0,0.0,1.0,0.0,0.0,0.0,1.0,1.0,0.0,0.0,2.0,0.0,0.0,1.0,0.0
Public service closures,6.0,30.0,0.0,28.0,1.0,0.0,1.0,2.0,0.0,1.0,2.0,2.0,2.0,1.0,15.0,0.0,25.0,0.0,0.0,3.0,6.0,0.0,5.0,62.0,0.0,0.0,0.0,4.0,8.0,0.0,34.0,7.0,0.0,0.0,0.0,4.0,1.0,2.0,3.0,0.0,1.0,34.0,0.0,0.0,0.0,0.0,2.0,0.0,0.0,0.0,2.0,4.0,0.0,2.0,0.0,20.0,1.0,7.0,0.0,0.0,32.0,0.0,156.0,16.0,2.0,42.0,0.0,0.0,1.0,0.0,50.0,204.0,8.0
Distancing mandate,6.0,4.0,7.0,2.0,0.0,0.0,1.0,4.0,1.0,0.0,4.0,3.0,2.0,5.0,0.0,0.0,1.0,0.0,2.0,9.0,4.0,1.0,2.0,0.0,7.0,0.0,0.0,4.0,12.0,0.0,0.0,7.0,2.0,2.0,0.0,4.0,1.0,0.0,1.0,0.0,0.0,160.0,1.0,0.0,0.0,0.0,24.0,0.0,16.0,0.0,0.0,1.0,0.0,2.0,0.0,1.0,1.0,0.0,0.0,0.0,5.0,1.0,7.0,0.0,0.0,0.0,0.0,0.0,2.0,0.0,2.0,6.0,1.0
Visitor restrictions,0.0,0.0,2.0,3.0,0.0,0.0,8.0,1.0,2.0,0.0,0.0,0.0,0.0,1.0,0.0,7.0,0.0,0.0,0.0,0.0,0.0,1.0,2.0,1.0,0.0,0.0,0.0,2.0,3.0,0.0,0.0,322.0,0.0,0.0,0.0,0.0,0.0,0.0,0.0,1.0,0.0,25.0,0.0,0.0,0.0,0.0,0.0,0.0,0.0,0.0,0.0,0.0,0.0,0.0,0.0,36.0,89.0,0.0,1.0,0.0,3.0,0.0,2.0,71.0,0.0,1.0,0.0,0.0,0.0,0.0,1.0,2.0,0.0
Quarantine,0.0,0.0,2.0,21.0,0.0,0.0,0.0,3.0,162.0,0.0,0.0,0.0,0.0,12.0,0.0,3.0,0.0,1.0,0.0,9.0,0.0,7.0,1.0,1.0,5.0,0.0,0.0,4.0,6.0,0.0,0.0,30.0,0.0,16.0,274.0,0.0,0.0,7.0,0.0,19.0,0.0,166.0,0.0,0.0,0.0,0.0,0.0,0.0,0.0,0.0,7.0,0.0,0.0,10.0,11.0,6.0,2.0,10.0,52.0,0.0,2.0,0.0,2.0,5.0,0.0,1.0,0.0,0.0,0.0,0.0,0.0,0.0,0.0
Alternative election measures,0.0,1.0,0.0,0.0,0.0,0.0,0.0,0.0,0.0,0.0,0.0,0.0,0.0,0.0,0.0,0.0,0.0,0.0,0.0,0.0,0.0,1.0,0.0,1.0,0.0,0.0,0.0,0.0,0.0,0.0,2.0,0.0,0.0,0.0,0.0,0.0,0.0,2.0,0.0,0.0,0.0,23.0,0.0,0.0,0.0,0.0,0.0,0.0,0.0,0.0,2.0,0.0,0.0,0.0,0.0,0.0,0.0,0.0,0.0,0.0,217.0,0.0,5.0,0.0,1.0,1.0,0.0,0.0,0.0,0.0,0.0,0.0,0.0
Stay at home,3.0,2.0,0.0,0.0,0.0,0.0,0.0,0.0,9.0,0.0,0.0,3.0,1.0,5.0,1.0,0.0,0.0,0.0,0.0,1.0,0.0,0.0,0.0,0.0,0.0,0.0,0.0,0.0,0.0,0.0,0.0,27.0,1.0,1.0,0.0,0.0,1.0,0.0,0.0,0.0,0.0,477.0,0.0,0.0,1.0,0.0,5.0,0.0,5.0,0.0,0.0,0.0,0.0,0.0,0.0,83.0,1.0,2.0,8.0,0.0,1.0,0.0,1.0,0.0,1.0,0.0,0.0,0.0,0.0,0.0,1.0,11.0,6.0
Curfews,1.0,0.0,0.0,0.0,0.0,0.0,0.0,0.0,0.0,0.0,0.0,1.0,0.0,1.0,0.0,0.0,0.0,0.0,0.0,2.0,0.0,0.0,0.0,0.0,0.0,0.0,0.0,0.0,0.0,0.0,0.0,0.0,0.0,0.0,0.0,0.0,0.0,0.0,0.0,1.0,0.0,60.0,0.0,0.0,0.0,0.0,0.0,0.0,0.0,0.0,0.0,0.0,0.0,0.0,0.0,0.0,0.0,0.0,0.0,0.0,0.0,0.0,0.0,0.0,0.0,0.0,0.0,0.0,0.0,0.0,0.0,1.0,0.0
Health screening,0.0,0.0,8.0,0.0,0.0,0.0,15.0,7.0,1.0,0.0,0.0,0.0,0.0,5.0,0.0,0.0,0.0,0.0,1.0,7.0,1.0,0.0,7.0,2.0,7.0,0.0,0.0,7.0,8.0,0.0,0.0,40.0,0.0,0.0,20.0,0.0,1.0,1.0,4.0,0.0,0.0,25.0,0.0,0.0,0.0,0.0,67.0,0.0,2.0,0.0,1.0,0.0,0.0,22.0,0.0,0.0,36.0,0.0,0.0,0.0,0.0,1.0,8.0,9.0,0.0,9.0,0.0,0.0,3.0,0.0,0.0,1.0,0.0
Prison population reduction,0.0,0.0,0.0,0.0,1.0,0.0,0.0,0.0,0.0,0.0,0.0,0.0,0.0,0.0,0.0,0.0,0.0,0.0,0.0,0.0,0.0,0.0,0.0,0.0,0.0,0.0,0.0,0.0,0.0,0.0,0.0,0.0,0.0,0.0,0.0,0.0,0.0,0.0,0.0,0.0,0.0,8.0,0.0,0.0,0.0,0.0,0.0,0.0,0.0,0.0,0.0,0.0,0.0,0.0,0.0,1.0,0.0,0.0,0.0,0.0,3.0,0.0,0.0,92.0,0.0,0.0,0.0,0.0,0.0,0.0,0.0,0.0,0.0
Event delays or cancellations,0.0,0.0,0.0,4.0,0.0,0.0,0.0,1.0,0.0,0.0,0.0,1.0,0.0,0.0,0.0,0.0,0.0,0.0,0.0,1.0,16.0,1.0,18.0,10.0,0.0,0.0,0.0,20.0,0.0,0.0,3.0,0.0,0.0,0.0,0.0,4.0,3.0,1.0,9.0,0.0,4.0,18.0,1.0,0.0,0.0,0.0,0.0,0.0,0.0,0.0,3.0,0.0,0.0,0.0,0.0,0.0,0.0,2.0,0.0,0.0,47.0,0.0,10.0,0.0,0.0,6.0,0.0,0.0,0.0,0.0,0.0,24.0,0.0
Isolation,0.0,0.0,3.0,8.0,0.0,0.0,0.0,6.0,84.0,0.0,0.0,0.0,0.0,1.0,0.0,3.0,0.0,0.0,1.0,9.0,0.0,0.0,1.0,2.0,3.0,0.0,0.0,1.0,6.0,0.0,0.0,17.0,0.0,0.0,7.0,0.0,0.0,0.0,1.0,0.0,0.0,33.0,0.0,0.0,0.0,0.0,0.0,0.0,0.0,0.0,0.0,0.0,0.0,0.0,1.0,2.0,4.0,8.0,143.0,0.0,0.0,0.0,1.0,1.0,0.0,0.0,0.0,0.0,0.0,0.0,0.0,0.0,0.0
Vaccine mandate,0.0,9.0,0.0,0.0,1.0,0.0,3.0,0.0,0.0,2.0,4.0,0.0,8.0,1.0,0.0,15.0,0.0,0.0,3.0,10.0,3.0,8.0,0.0,2.0,6.0,0.0,0.0,1.0,13.0,0.0,1.0,7.0,0.0,2.0,2.0,9.0,2.0,16.0,0.0,1.0,0.0,22.0,0.0,0.0,0.0,0.0,14.0,0.0,0.0,0.0,16.0,8.0,0.0,0.0,1.0,0.0,4.0,0.0,0.0,0.0,11.0,0.0,37.0,0.0,0.0,0.0,0.0,0.0,2.0,0.0,0.0,0.0,2.0
Lockdown,0.0,0.0,0.0,0.0,0.0,0.0,0.0,0.0,0.0,0.0,0.0,0.0,0.0,0.0,0.0,0.0,0.0,0.0,0.0,0.0,0.0,0.0,0.0,0.0,0.0,0.0,0.0,0.0,0.0,0.0,0.0,0.0,0.0,0.0,0.0,0.0,0.0,0.0,0.0,0.0,0.0,1.0,0.0,0.0,0.0,0.0,0.0,0.0,0.0,0.0,0.0,0.0,0.0,0.0,0.0,0.0,0.0,0.0,0.0,0.0,0.0,0.0,0.0,0.0,0.0,0.0,0.0,0.0,0.0,0.0,0.0,0.0,0.0
Elective procedure delay or cancellation,0.0,0.0,0.0,0.0,0.0,0.0,90.0,0.0,0.0,0.0,0.0,0.0,0.0,0.0,0.0,4.0,0.0,0.0,0.0,0.0,0.0,0.0,0.0,1.0,0.0,0.0,0.0,0.0,0.0,0.0,0.0,1.0,0.0,0.0,0.0,0.0,0.0,0.0,0.0,1.0,0.0,8.0,0.0,1.0,0.0,0.0,0.0,0.0,0.0,0.0,0.0,0.0,0.0,0.0,0.0,0.0,373.0,0.0,0.0,0.0,2.0,0.0,0.0,0.0,0.0,0.0,0.0,0.0,0.0,0.0,0.0,0.0,0.0
Support for telemedicine,0.0,0.0,0.0,1.0,0.0,0.0,108.0,0.0,0.0,0.0,0.0,0.0,0.0,1.0,0.0,90.0,0.0,0.0,0.0,0.0,0.0,1.0,0.0,2.0,0.0,0.0,0.0,0.0,0.0,0.0,0.0,0.0,0.0,0.0,0.0,0.0,0.0,0.0,0.0,0.0,0.0,17.0,0.0,10.0,0.0,0.0,1.0,0.0,0.0,61.0,0.0,0.0,0.0,0.0,0.0,0.0,102.0,0.0,0.0,6.0,10.0,0.0,0.0,0.0,0.0,0.0,0.0,0.0,0.0,0.0,0.0,0.0,0.0
Medical licensing waivers,0.0,0.0,1.0,8.0,0.0,0.0,35.0,0.0,0.0,0.0,0.0,0.0,0.0,47.0,0.0,563.0,0.0,0.0,0.0,0.0,0.0,0.0,0.0,35.0,0.0,0.0,0.0,0.0,0.0,0.0,6.0,24.0,0.0,0.0,2.0,0.0,0.0,0.0,0.0,0.0,0.0,2.0,0.0,1.0,0.0,0.0,0.0,0.0,0.0,1.0,0.0,0.0,1.0,0.0,0.0,1.0,83.0,0.0,0.0,52.0,71.0,1.0,0.0,0.0,0.0,0.0,0.0,0.0,0.0,0.0,0.0,0.0,0.0
Healthcare facility licensing waivers,0.0,0.0,0.0,1.0,0.0,0.0,44.0,0.0,0.0,0.0,0.0,0.0,0.0,0.0,0.0,23.0,0.0,0.0,0.0,0.0,0.0,0.0,0.0,11.0,0.0,0.0,0.0,0.0,4.0,0.0,0.0,32.0,0.0,0.0,0.0,0.0,0.0,0.0,0.0,0.0,0.0,5.0,0.0,1.0,2.0,0.0,0.0,0.0,0.0,1.0,0.0,0.0,0.0,0.0,0.0,1.0,176.0,0.0,0.0,20.0,15.0,0.0,3.0,0.0,0.0,0.0,0.0,0.0,0.0,0.0,0.0,0.0,0.0
Other measures to support public health and clinical capacity,0.0,0.0,7.0,10.0,0.0,0.0,43.0,0.0,4.0,0.0,0.0,0.0,0.0,8.0,0.0,93.0,0.0,0.0,0.0,1.0,1.0,7.0,0.0,12.0,0.0,1.0,1.0,1.0,6.0,0.0,4.0,35.0,0.0,0.0,2.0,0.0,0.0,8.0,0.0,1.0,0.0,118.0,0.0,9.0,4.0,7.0,5.0,1.0,1.0,38.0,8.0,0.0,0.0,3.0,0.0,5.0,153.0,2.0,5.0,38.0,100.0,15.0,20.0,1.0,0.0,1.0,0.0,0.0,1.0,1.0,0.0,0.0,8.0
Notification requirements,0.0,2.0,9.0,12.0,0.0,0.0,71.0,14.0,6.0,0.0,0.0,0.0,0.0,8.0,0.0,18.0,0.0,0.0,0.0,0.0,0.0,10.0,5.0,0.0,13.0,0.0,0.0,5.0,22.0,0.0,0.0,71.0,1.0,0.0,2.0,2.0,0.0,31.0,5.0,0.0,0.0,10.0,0.0,0.0,1.0,1.0,52.0,0.0,1.0,0.0,31.0,0.0,0.0,0.0,0.0,8.0,135.0,1.0,10.0,0.0,20.0,0.0,62.0,18.0,0.0,0.0,0.0,0.0,0.0,0.0,0.0,0.0,0.0
Crisis standards of care,0.0,0.0,0.0,0.0,0.0,0.0,3.0,0.0,0.0,0.0,0.0,0.0,0.0,0.0,0.0,16.0,0.0,0.0,0.0,0.0,0.0,0.0,0.0,2.0,0.0,0.0,0.0,0.0,1.0,0.0,0.0,5.0,0.0,0.0,0.0,0.0,0.0,0.0,0.0,1.0,0.0,0.0,0.0,0.0,0.0,0.0,0.0,0.0,0.0,0.0,0.0,0.0,0.0,0.0,0.0,0.0,33.0,0.0,0.0,3.0,16.0,0.0,0.0,0.0,0.0,0.0,0.0,0.0,2.0,0.0,0.0,0.0,0.0
Risk Communication,1.0,0.0,0.0,0.0,0.0,0.0,0.0,1.0,0.0,0.0,0.0,0.0,0.0,0.0,0.0,1.0,0.0,0.0,0.0,2.0,1.0,18.0,0.0,0.0,0.0,0.0,0.0,0.0,3.0,0.0,0.0,0.0,0.0,0.0,0.0,0.0,0.0,19.0,0.0,0.0,0.0,16.0,0.0,0.0,0.0,0.0,1.0,0.0,0.0,0.0,19.0,0.0,0.0,0.0,0.0,1.0,12.0,0.0,0.0,0.0,8.0,0.0,4.0,0.0,0.0,0.0,0.0,0.0,0.0,0.0,0.0,0.0,0.0
Revised “emergency personnel” designations,0.0,0.0,0.0,0.0,0.0,0.0,0.0,0.0,0.0,0.0,0.0,0.0,0.0,8.0,0.0,44.0,0.0,0.0,0.0,0.0,0.0,0.0,0.0,32.0,0.0,0.0,0.0,0.0,0.0,0.0,0.0,0.0,0.0,0.0,0.0,0.0,1.0,0.0,0.0,0.0,0.0,3.0,0.0,0.0,16.0,0.0,0.0,0.0,0.0,0.0,0.0,0.0,2.0,0.0,0.0,0.0,3.0,0.0,0.0,1.0,11.0,0.0,17.0,0.0,0.0,0.0,0.0,0.0,0.0,2.0,0.0,0.0,0.0
Immunity for medical providers,0.0,0.0,0.0,0.0,0.0,0.0,8.0,0.0,0.0,0.0,0.0,0.0,0.0,0.0,0.0,85.0,0.0,0.0,0.0,0.0,0.0,0.0,0.0,0.0,0.0,0.0,0.0,0.0,0.0,0.0,0.0,3.0,0.0,0.0,0.0,0.0,0.0,0.0,0.0,0.0,0.0,0.0,0.0,0.0,0.0,0.0,0.0,0.0,0.0,0.0,0.0,0.0,0.0,0.0,0.0,0.0,27.0,0.0,0.0,0.0,1.0,0.0,0.0,0.0,0.0,0.0,0.0,0.0,0.0,0.0,0.0,0.0,0.0
Coverage for cost of testing,0.0,0.0,0.0,0.0,0.0,0.0,3.0,0.0,0.0,0.0,0.0,0.0,0.0,0.0,0.0,0.0,0.0,0.0,0.0,0.0,0.0,2.0,0.0,0.0,0.0,0.0,0.0,0.0,1.0,0.0,0.0,0.0,0.0,0.0,0.0,0.0,0.0,8.0,0.0,0.0,0.0,41.0,0.0,0.0,0.0,1.0,0.0,0.0,0.0,12.0,8.0,0.0,0.0,0.0,0.0,0.0,4.0,0.0,0.0,2.0,0.0,0.0,0.0,0.0,0.0,0.0,0.0,0.0,0.0,0.0,0.0,0.0,0.0
Domestic travel restrictions (interstate),0.0,0.0,0.0,4.0,0.0,0.0,0.0,3.0,4.0,0.0,0.0,0.0,0.0,0.0,2.0,0.0,0.0,0.0,0.0,0.0,0.0,0.0,3.0,0.0,0.0,0.0,0.0,3.0,1.0,0.0,0.0,0.0,0.0,0.0,45.0,0.0,0.0,0.0,0.0,0.0,0.0,2.0,0.0,0.0,0.0,0.0,0.0,0.0,0.0,0.0,0.0,0.0,0.0,0.0,0.0,0.0,0.0,1.0,1.0,0.0,1.0,0.0,35.0,0.0,0.0,0.0,0.0,0.0,0.0,0.0,0.0,0.0,0.0
Domestic travel restriction,0.0,0.0,0.0,1.0,0.0,0.0,0.0,0.0,0.0,0.0,0.0,0.0,0.0,0.0,18.0,0.0,0.0,0.0,0.0,0.0,0.0,0.0,0.0,0.0,0.0,0.0,0.0,0.0,0.0,0.0,0.0,0.0,0.0,0.0,33.0,0.0,0.0,0.0,0.0,0.0,0.0,58.0,0.0,0.0,0.0,0.0,0.0,0.0,0.0,0.0,0.0,0.0,0.0,1.0,2.0,1.0,0.0,1.0,1.0,0.0,0.0,0.0,5.0,0.0,0.0,0.0,0.0,0.0,0.0,0.0,0.0,1.0,1.0
International travel restriction,0.0,0.0,0.0,0.0,0.0,2.0,0.0,0.0,0.0,0.0,0.0,0.0,0.0,0.0,0.0,0.0,0.0,0.0,0.0,0.0,0.0,0.0,0.0,0.0,0.0,0.0,0.0,0.0,0.0,0.0,0.0,0.0,0.0,0.0,43.0,0.0,0.0,0.0,0.0,0.0,0.0,4.0,0.0,0.0,0.0,0.0,0.0,0.0,0.0,0.0,0.0,0.0,0.0,0.0,1.0,0.0,0.0,0.0,0.0,0.0,0.0,0.0,19.0,0.0,0.0,0.0,0.0,0.0,0.0,0.0,0.0,0.0,0.0
Domestic travel restrictions (intrastate),0.0,0.0,0.0,0.0,0.0,0.0,1.0,0.0,0.0,0.0,0.0,0.0,0.0,1.0,1.0,0.0,0.0,0.0,0.0,0.0,0.0,0.0,0.0,1.0,0.0,0.0,0.0,0.0,0.0,0.0,0.0,1.0,1.0,0.0,16.0,0.0,0.0,0.0,0.0,0.0,0.0,30.0,0.0,0.0,0.0,0.0,0.0,0.0,1.0,0.0,0.0,0.0,0.0,1.0,0.0,3.0,1.0,0.0,0.0,1.0,0.0,0.0,1.0,0.0,0.0,0.0,0.0,0.0,0.0,0.0,0.0,0.0,0.0
Vaccine prioritization,0.0,0.0,2.0,0.0,0.0,0.0,2.0,0.0,0.0,0.0,0.0,1.0,0.0,24.0,1.0,8.0,0.0,0.0,3.0,2.0,0.0,1.0,0.0,2.0,0.0,0.0,0.0,0.0,2.0,0.0,2.0,8.0,0.0,0.0,0.0,0.0,0.0,2.0,0.0,2.0,1.0,29.0,1.0,1.0,0.0,3.0,0.0,0.0,0.0,0.0,2.0,0.0,0.0,3.0,1.0,33.0,2.0,0.0,0.0,0.0,0.0,3.0,2.0,1.0,0.0,0.0,0.0,0.0,0.0,3.0,0.0,0.0,0.0
Vaccine exemption or alternative,0.0,0.0,0.0,1.0,0.0,0.0,5.0,0.0,0.0,0.0,0.0,1.0,0.0,0.0,0.0,4.0,0.0,0.0,1.0,1.0,0.0,2.0,0.0,1.0,2.0,0.0,0.0,1.0,13.0,0.0,0.0,3.0,1.0,2.0,0.0,0.0,0.0,8.0,0.0,0.0,0.0,9.0,1.0,0.0,0.0,0.0,5.0,0.0,0.0,0.0,8.0,0.0,2.0,0.0,0.0,3.0,4.0,0.0,0.0,1.0,4.0,0.0,13.0,0.0,0.0,0.0,0.0,0.0,0.0,0.0,0.0,0.0,0.0
"Vaccine cost, financing, and insurance",0.0,0.0,0.0,0.0,0.0,0.0,16.0,0.0,0.0,0.0,0.0,0.0,0.0,0.0,0.0,6.0,0.0,0.0,0.0,0.0,0.0,0.0,0.0,1.0,0.0,0.0,0.0,0.0,0.0,0.0,0.0,0.0,0.0,0.0,0.0,0.0,0.0,0.0,0.0,0.0,0.0,4.0,0.0,0.0,0.0,2.0,0.0,0.0,0.0,5.0,0.0,0.0,0.0,0.0,0.0,0.0,0.0,0.0,0.0,17.0,20.0,0.0,0.0,0.0,0.0,0.0,0.0,0.0,0.0,0.0,0.0,0.0,0.0
Vaccine-related plan,0.0,0.0,0.0,3.0,0.0,0.0,2.0,0.0,0.0,0.0,0.0,1.0,0.0,2.0,0.0,3.0,0.0,1.0,0.0,0.0,2.0,2.0,0.0,4.0,3.0,0.0,0.0,0.0,4.0,0.0,0.0,7.0,0.0,3.0,0.0,1.0,1.0,5.0,0.0,1.0,0.0,56.0,0.0,0.0,0.0,1.0,5.0,0.0,0.0,0.0,5.0,2.0,0.0,0.0,2.0,5.0,1.0,0.0,0.0,2.0,16.0,0.0,6.0,0.0,0.0,0.0,0.0,0.0,0.0,0.0,0.0,1.0,0.0
Multi-vaccine policy,0.0,0.0,0.0,0.0,0.0,0.0,0.0,0.0,0.0,0.0,0.0,0.0,0.0,0.0,0.0,1.0,0.0,0.0,0.0,0.0,0.0,0.0,0.0,0.0,0.0,0.0,0.0,0.0,0.0,0.0,0.0,0.0,0.0,0.0,0.0,0.0,0.0,0.0,0.0,0.0,0.0,2.0,0.0,0.0,0.0,0.0,0.0,0.0,0.0,0.0,0.0,0.0,0.0,0.0,0.0,0.0,0.0,0.0,0.0,0.0,0.0,0.0,0.0,0.0,0.0,0.0,0.0,0.0,0.0,0.0,0.0,0.0,0.0
